{
    "chat_settings": {
        "chat_x": 0.7583333333333333,
        "chat_y": 0.5209876543209877,
        "chat_width": 0.24166666666666667,
        "chat_height": 0.47901234567901235,
        "font_size": 24,
        "background_color": "6d000000"
    },
    "max_workers": 3
}