{
    "chat_settings": {
        "chat_x": 0.8055555555555556,
        "chat_y": 0.6469135802469136,
        "chat_width": 0.19444444444444445,
        "chat_height": 0.3530864197530864,
        "font_size": 16,
        "background_color": "85000000"
    },
    "max_workers": 3
}