{
    "chat_settings": {
        "chat_x": 0.7111111111111111,
        "chat_y": 0.2641975308641975,
        "chat_width": 0.28888888888888886,
        "chat_height": 0.7358024691358025,
        "font_size": 24,
        "background_color": "85000000"
    },
    "max_workers": 3
}